insert into administrador(correo, contrasenia, nombre) values ('admin@gmail.com', 'admin', 'admin');

insert into cliente(correo, contrasenia, nombre) values ('user@gmail.com', 'user', 'user');

insert into pelicula(titulo, resumen, imagen, link_imdb, trailer) values ('Pelicula 1', 'resumen pelicula 1', '/sisinf2/peliculas/imagenes/template.jpg', 'https://www.imdb.com', 'https://www.youtube.com/embed/KAOdjqyG37A?si=ieum95YSZFWByCOP');
insert into pelicula(titulo, resumen, imagen, link_imdb, trailer) values ('Pelicula 2', 'resumen pelicula 2', '/sisinf2/peliculas/imagenes/template2.png', 'https://www.imdb.com', 'https://www.youtube.com/embed/IFTH_yUz7iI?si=XSI8eV9w4aaGnqFj');
insert into pelicula(titulo, resumen, imagen, link_imdb, trailer) values ('Pelicula 3', 'resumen pelicula 3', '/sisinf2/peliculas/imagenes/template3.jpg', 'https://www.imdb.com', 'https://www.youtube.com/embed/KTw6pDYLKLQ?si=T01pYVWeXlVVqhv2');
insert into pelicula(titulo, resumen, imagen, link_imdb, trailer) values ('Pelicula 4', 'resumen pelicula 4', '/sisinf2/peliculas/imagenes/template2.png', 'https://www.imdb.com', 'https://www.youtube.com/embed/IFTH_yUz7iI?si=XSI8eV9w4aaGnqFj');
insert into pelicula(titulo, resumen, imagen, link_imdb, trailer) values ('Pelicula 5', 'resumen pelicula 5', '/sisinf2/peliculas/imagenes/template.jpg', 'https://www.imdb.com', 'https://www.youtube.com/embed/KAOdjqyG37A?si=ieum95YSZFWByCOP');
insert into pelicula(titulo, resumen, imagen, link_imdb, trailer) values ('Pelicula 6', 'resumen pelicula 6', '/sisinf2/peliculas/imagenes/template3.jpg', 'https://www.imdb.com', 'https://www.youtube.com/embed/KTw6pDYLKLQ?si=T01pYVWeXlVVqhv2');

insert into sala(n_sala) values (1);
insert into sala(n_sala) values (2);
insert into sala(n_sala) values (3);
insert into sala(n_sala) values (4);

insert into sesion(sesion_hora, tit_pel, n_sala, precio) values ('2024-12-12 11:30:00', 'Pelicula 1', 1, 5.50);
insert into sesion(sesion_hora, tit_pel, n_sala, precio) values ('2024-12-12 12:30:00', 'Pelicula 2', 2, 4.50);
insert into sesion(sesion_hora, tit_pel, n_sala, precio) values ('2024-12-12 13:00:00', 'Pelicula 3', 3, 6.50);
insert into sesion(sesion_hora, tit_pel, n_sala, precio) values ('2024-12-12 13:30:00', 'Pelicula 4', 4, 5.50);
insert into sesion(sesion_hora, tit_pel, n_sala, precio) values ('2024-12-12 15:30:00', 'Pelicula 4', 1, 6.50);
insert into sesion(sesion_hora, tit_pel, n_sala, precio) values ('2024-12-12 16:00:00', 'Pelicula 3', 2, 4.50);
insert into sesion(sesion_hora, tit_pel, n_sala, precio) values ('2024-12-12 16:30:00', 'Pelicula 2', 3, 5.50);
insert into sesion(sesion_hora, tit_pel, n_sala, precio) values ('2024-12-12 16:45:00', 'Pelicula 1', 4, 6.50);
insert into sesion(sesion_hora, tit_pel, n_sala, precio) values ('2024-12-12 17:30:00', 'Pelicula 2', 1, 4.50);
insert into sesion(sesion_hora, tit_pel, n_sala, precio) values ('2024-12-12 18:30:00', 'Pelicula 4', 2, 5.50);
insert into sesion(sesion_hora, tit_pel, n_sala, precio) values ('2024-12-12 18:30:00', 'Pelicula 1', 3, 6.50);
insert into sesion(sesion_hora, tit_pel, n_sala, precio) values ('2024-12-12 19:00:00', 'Pelicula 3', 4, 4.50);

insert into butaca(n_butaca, sala_n) values (1, 1);
insert into butaca(n_butaca, sala_n) values (2, 1);
insert into butaca(n_butaca, sala_n) values (3, 1);
insert into butaca(n_butaca, sala_n) values (4, 1);
insert into butaca(n_butaca, sala_n) values (5, 1);
insert into butaca(n_butaca, sala_n) values (6, 1);
insert into butaca(n_butaca, sala_n) values (7, 1);
insert into butaca(n_butaca, sala_n) values (8, 1);
insert into butaca(n_butaca, sala_n) values (9, 1);
insert into butaca(n_butaca, sala_n) values (10, 1);
insert into butaca(n_butaca, sala_n) values (11, 1);
insert into butaca(n_butaca, sala_n) values (12, 1);
insert into butaca(n_butaca, sala_n) values (13, 1);
insert into butaca(n_butaca, sala_n) values (14, 1);
insert into butaca(n_butaca, sala_n) values (15, 1);
insert into butaca(n_butaca, sala_n) values (16, 1);
insert into butaca(n_butaca, sala_n) values (17, 1);
insert into butaca(n_butaca, sala_n) values (18, 1);
insert into butaca(n_butaca, sala_n) values (19, 1);
insert into butaca(n_butaca, sala_n) values (20, 1);

insert into butaca(n_butaca, sala_n) values (1, 2);
insert into butaca(n_butaca, sala_n) values (2, 2);
insert into butaca(n_butaca, sala_n) values (3, 2);
insert into butaca(n_butaca, sala_n) values (4, 2);
insert into butaca(n_butaca, sala_n) values (5, 2);
insert into butaca(n_butaca, sala_n) values (6, 2);
insert into butaca(n_butaca, sala_n) values (7, 2);
insert into butaca(n_butaca, sala_n) values (8, 2);
insert into butaca(n_butaca, sala_n) values (9, 2);
insert into butaca(n_butaca, sala_n) values (10, 2);
insert into butaca(n_butaca, sala_n) values (11, 2);
insert into butaca(n_butaca, sala_n) values (12, 2);
insert into butaca(n_butaca, sala_n) values (13, 2);
insert into butaca(n_butaca, sala_n) values (14, 2);
insert into butaca(n_butaca, sala_n) values (15, 2);
insert into butaca(n_butaca, sala_n) values (16, 2);
insert into butaca(n_butaca, sala_n) values (17, 2);
insert into butaca(n_butaca, sala_n) values (18, 2);
insert into butaca(n_butaca, sala_n) values (19, 2);
insert into butaca(n_butaca, sala_n) values (20, 2);

insert into butaca(n_butaca, sala_n) values (1, 3);
insert into butaca(n_butaca, sala_n) values (2, 3);
insert into butaca(n_butaca, sala_n) values (3, 3);
insert into butaca(n_butaca, sala_n) values (4, 3);
insert into butaca(n_butaca, sala_n) values (5, 3);
insert into butaca(n_butaca, sala_n) values (6, 3);
insert into butaca(n_butaca, sala_n) values (7, 3);
insert into butaca(n_butaca, sala_n) values (8, 3);
insert into butaca(n_butaca, sala_n) values (9, 3);
insert into butaca(n_butaca, sala_n) values (10, 3);
insert into butaca(n_butaca, sala_n) values (11, 3);
insert into butaca(n_butaca, sala_n) values (12, 3);
insert into butaca(n_butaca, sala_n) values (13, 3);
insert into butaca(n_butaca, sala_n) values (14, 3);
insert into butaca(n_butaca, sala_n) values (15, 3);
insert into butaca(n_butaca, sala_n) values (16, 3);
insert into butaca(n_butaca, sala_n) values (17, 3);
insert into butaca(n_butaca, sala_n) values (18, 3);
insert into butaca(n_butaca, sala_n) values (19, 3);
insert into butaca(n_butaca, sala_n) values (20, 3);

insert into butaca(n_butaca, sala_n) values (1, 4);
insert into butaca(n_butaca, sala_n) values (2, 4);
insert into butaca(n_butaca, sala_n) values (3, 4);
insert into butaca(n_butaca, sala_n) values (4, 4);
insert into butaca(n_butaca, sala_n) values (5, 4);
insert into butaca(n_butaca, sala_n) values (6, 4);
insert into butaca(n_butaca, sala_n) values (7, 4);
insert into butaca(n_butaca, sala_n) values (8, 4);
insert into butaca(n_butaca, sala_n) values (9, 4);
insert into butaca(n_butaca, sala_n) values (10, 4);
insert into butaca(n_butaca, sala_n) values (11, 4);
insert into butaca(n_butaca, sala_n) values (12, 4);
insert into butaca(n_butaca, sala_n) values (13, 4);
insert into butaca(n_butaca, sala_n) values (14, 4);
insert into butaca(n_butaca, sala_n) values (15, 4);
insert into butaca(n_butaca, sala_n) values (16, 4);
insert into butaca(n_butaca, sala_n) values (17, 4);
insert into butaca(n_butaca, sala_n) values (18, 4);
insert into butaca(n_butaca, sala_n) values (19, 4);
insert into butaca(n_butaca, sala_n) values (20, 4);

insert into producto(nombre, precio, disponible) values ('palomitas', 3.00, true);
insert into producto(nombre, precio, disponible) values ('refresco', 2.50, true);